"id","osm_id","geog","name","road_ref","road_class","city","max_speed"
7953,1435041962,"0102000020E6100000020000002E573F36C99530401AB4A1AC29964840568F45E4059630409EB29AAE27964840","Jihlavská","602","secondary","Brno",50
6501,240702215,"0102000020E6100000060000009A8125B26A973040BB74DDA51E964840985C7B551D9830409A266C3F199648404A24D1CB28983040F9D280E61896484086CABF965798304012A5BDC117964840D46B0E6B859830402444F9821696484035A6160099983040F563384316964840","Jihlavská","602","secondary","Brno",50
6505,421591269,"0102000020E6100000060000002CDA77A0A9983040B95FF4CB16964840E5D18DB0A89830400B1060EC189648401CC3ADCCA598304043E21E4B1F964840D9C7AFC4A89830402B2A87BB1F9648407352F3B0AB9830408F73F62922964840D3669C86A8983040F7AFAC3429964840","Jihlavská",NULL,"residential","Brno",NULL
6515,8584953,"0102000020E6100000040000009BB5CA02DC983040B9E92A38179648401203136EE89830402416E75E169648409CC7BCE9F1983040F535261F1696484058F49892F698304066A9503816964840","Jihlavská","602","secondary","Brno",70
6516,421591256,"0102000020E61000000600000035A6160099983040F5633843169648402CDA77A0A9983040B95FF4CB16964840239B502DC7983040E82510C017964840A219D533CE9830401277AB9D17964840EE1A3E33D29830401E818989179648409BB5CA02DC983040B9E92A3817964840","Jihlavská","602","secondary","Brno",50
6524,1287270222,"0102000020E61000000200000058F49892F698304066A950381696484060E7A6CD38993040D0B52FA017964840","Jihlavská","602","secondary","Brno",70
6527,1287270160,"0102000020E61000000300000060E7A6CD38993040D0B52FA0179648403E42284A9D9930404CE548C21996484073582B24AA993040286B8AB619964840","Jihlavská","602","secondary","Brno",70
6538,7962132,"0102000020E6100000050000006AEE320DD49930409F3FC80D1A96484000BDBA74DD9930400BC8A87C19964840199EA8B6E59930401D7B511619964840922BAB9FED9930402F8A1EF8189648405822ABB6F6993040C3D32B6519964840","Jihlavská","602","secondary","Brno",50
6540,421591253,"0102000020E61000000400000073582B24AA993040286B8AB6199648407D48AE51C599304099C40F841A9648400FC29261CB993040F8CC48731A9648406AEE320DD49930409F3FC80D1A964840","Jihlavská","602","secondary","Brno",70
6856,49341659,"0102000020E6100000060000005822ABB6F6993040C3D32B651996484038256AB3FB993040D5C853FB199648406BCA5F6B009A304087E354C61A964840AA1D0FC7049A30408725D4C21B9648407FA65EB7089A3040EBD09FEC1C964840F46E2C280C9A3040A3A8D83D1E964840","Jihlavská","602","secondary","Brno",50
8734,480773245,"0102000020E610000002000000F14BFDBCA98E3040E1E7644E3C964840AD342905DD8E30409FAAE7493E964840","Jihlavská","602","secondary","Brno",50
7927,421591255,"0102000020E6100000040000005FE4AFDA46973040C6EE4CB21F96484035CA9F1452973040CC9717601F964840EE3AC0385D973040D240E20D1F9648409A8125B26A973040BB74DDA51E964840","Jihlavská","602","secondary","Brno",50
7932,421591252,"0102000020E6100000030000000D3FEE1120973040D76DABB420964840936FB6B9319730409C27E840209648405FE4AFDA46973040C6EE4CB21F964840","Jihlavská","602","secondary","Brno",50
7933,421591254,"0102000020E6100000040000000253BC804D96304087ECCDB9259648404ADA43B1CB963040834F73F222964840539CFE4701973040133EA594219648400D3FEE1120973040D76DABB420964840","Jihlavská","602","secondary","Brno",50
7935,1435041963,"0102000020E610000002000000568F45E4059630409EB29AAE279648400253BC804D96304087ECCDB925964840","Jihlavská","602","secondary","Brno",50
7952,48024744,"0102000020E610000003000000DA594F08789530409C16BCE82B964840FC9CCC8987953040F08AE07F2B9648402E573F36C99530401AB4A1AC29964840","Jihlavská","602","secondary","Brno",50
7959,1435041960,"0102000020E610000004000000290F666E19953040F4273B472E964840E5A95846349530402AF97DA42D9648408D96A88361953040070F2E782C964840DA594F08789530409C16BCE82B964840","Jihlavská","602","secondary","Brno",50
7964,1435041966,"0102000020E610000004000000DEF4786BAA943040B1FE2A1B3196484044238E2BE494304035B56CAD2F964840C8EBC1A4F894304095336F302F964840290F666E19953040F4273B472E964840","Jihlavská","602","secondary","Brno",50
7966,1435041964,"0102000020E610000003000000055DB1755F943040AAAB4C42339648407806B243A1943040ED16DC6A31964840DEF4786BAA943040B1FE2A1B31964840","Jihlavská","602","secondary","Brno",50
7983,1435041965,"0102000020E61000000300000033A5F5B7049430400894A872359648405A4A96935094304033BD699F33964840055DB1755F943040AAAB4C4233964840","Jihlavská","602","secondary","Brno",50
8107,40491349,"0102000020E610000009000000BFFFA03F7E9230400941FD1D40964840889FFF1EBC92304087F24FBA3E964840F14F04CCD79230409316D3F13D964840D138793650933040EEC968893A964840F6FC7ACF92933040A27A10A738964840FD0AE3B89D933040FB21365838964840B36C9C03BA9330401F88878B379648400A7CEAFDEB933040F63C24213696484033A5F5B7049430400894A87235964840","Jihlavská","602","secondary","Brno",50
8131,51229682,"0102000020E61000000300000082AED8BA2F923040F00C648742964840832ADAC12D9230403D06D094429648406DDB4136DA913040AD2B0BCB44964840","Jihlavská","602","secondary","Brno",50
8137,186633602,"0102000020E61000000200000082AED8BA2F923040F00C6487429648402ED3E58354923040325E4E6441964840","Jihlavská","602","secondary","Brno",50
8138,186633603,"0102000020E6100000040000002ED3E58354923040325E4E6441964840532E43D25D92304032022A1C41964840A568E55E609230403E0C080841964840BFFFA03F7E9230400941FD1D40964840","Jihlavská","602","secondary","Brno",50
8181,421610453,"0102000020E610000004000000209672631F9130405116197849964840137AA29009913040FECF06054A964840C4FBBB88009130401C73E83E4A964840215624CBEE903040578B998E4A964840","Jihlavská","602","secondary","Brno",50
8182,240747962,"0102000020E610000004000000E1E0C1058F913040008052A346964840DB7525B84791304016180D74489648402189038D3E91304087B949B148964840209672631F9130405116197849964840","Jihlavská","602","secondary","Brno",50
8183,240747963,"0102000020E61000000200000011381268B091304012A9C4D045964840E1E0C1058F913040008052A346964840","Jihlavská","602","secondary","Brno",50
8184,240747961,"0102000020E6100000020000006DDB4136DA913040AD2B0BCB4496484011381268B091304012A9C4D045964840","Jihlavská","602","secondary","Brno",50
8197,22731702,"0102000020E6100000020000002672C119FC8F3040D6E6FF5547964840761D05E33B9030409938A8B349964840","Jihlavská","602","secondary","Brno",50
8200,421610449,"0102000020E610000002000000B545E39A4C903040630B410E4A96484065AB26E3739030407A617CE24A964840","Jihlavská","602","secondary","Brno",50
8202,117005820,"0102000020E610000002000000761D05E33B9030409938A8B349964840B545E39A4C903040630B410E4A964840","Jihlavská","602","secondary","Brno",50
8206,378442975,"0102000020E610000003000000092F66F09C90304086C77E164B96484015F6FE507A9030404BDDDFEA4A96484065AB26E3739030407A617CE24A964840","Jihlavská","602","secondary","Brno",50
8207,186633604,"0102000020E610000005000000215624CBEE903040578B998E4A96484095D8B5BDDD90304080666BD84A9648405877876FBC903040A40E3C084B9648407A63528DA89030406880C1244B964840092F66F09C90304086C77E164B964840","Jihlavská","602","secondary","Brno",50
8527,4043625,"0102000020E610000008000000DB221FAADF8930402D2059654B964840E688C6246D8A3040BFB0A140449648404D0F0A4AD18A3040A4390DAC3E9648404BA47E28E28A3040C9714CBB3D9648402416E75E168B30401D064E113B964840F152A005578B30400D31033A389648404E380543678B30404F0C248337964840D67BE019238C3040A09971642F964840","Jihlavská","602","secondary","Brno",50
8538,35278684,"0102000020E610000004000000D67BE019238C3040A09971642F964840D86E7143428C3040AD05AC0B2E964840C19206126F8C304037EFEEB72C964840BF3EDFBB728C3040BF76D5A82C964840","Jihlavská","602","secondary","Brno",50
8539,35278685,"0102000020E610000006000000BF3EDFBB728C3040BF76D5A82C964840097C8F44798C30406645798B2C9648404A3261EA9D8C30403132B7312C96484011830A58BC8C30403737A6272C964840F213BD42D58C3040E3F093B42C964840CB34F515FF8C3040368D92FC2D964840","Jihlavská","602","secondary","Brno",50
8571,421610452,"0102000020E6100000020000008A50114CDA8D3040D380E6183596484032BBDD81F08D3040E4A320D335964840","Jihlavská","602","secondary","Brno",50
8573,84812111,"0102000020E610000003000000FBFE72D2A08D30401BF1643733964840185DDE1CAE8D3040ECF6FEAB339648408A50114CDA8D3040D380E61835964840","Jihlavská","602","secondary","Brno",50
8576,84812093,"0102000020E610000002000000D9E3CF01938D3040E0AAA1C332964840FBFE72D2A08D30401BF1643733964840","Jihlavská","602","secondary","Brno",50
8577,8584952,"0102000020E610000002000000C26279FC838D3040AB69CD4532964840D9E3CF01938D3040E0AAA1C332964840","Jihlavská","602","secondary","Brno",50
8580,43386058,"0102000020E6100000020000008C6C42B51C8D304089CD6CFC2E96484090FFB8B3658D304082A8A04731964840","Jihlavská","602","secondary","Brno",50
8581,8584951,"0102000020E61000000200000090FFB8B3658D304082A8A04731964840C26279FC838D3040AB69CD4532964840","Jihlavská","602","secondary","Brno",50
8585,43386057,"0102000020E610000002000000CB34F515FF8C3040368D92FC2D9648408C6C42B51C8D304089CD6CFC2E964840","Jihlavská","602","secondary","Brno",50
8712,22731701,"0102000020E610000002000000E28B9BBFAE8F30408FB63BB5449648402672C119FC8F3040D6E6FF5547964840","Jihlavská","602","secondary","Brno",50
8715,117005821,"0102000020E6100000030000001F6228CC208F3040AFC7E9904096484095B48762978F3040541454F943964840E28B9BBFAE8F30408FB63BB544964840","Jihlavská","602","secondary","Brno",50
8716,39812452,"0102000020E610000003000000AD342905DD8E30409FAAE7493E964840FBCFF5D8F18E304009D16BFD3E9648401F6228CC208F3040AFC7E99040964840","Jihlavská","602","secondary","Brno",50
8739,117005822,"0102000020E610000002000000843B61D3948E3040EEDDD5613B964840F14BFDBCA98E3040E1E7644E3C964840","Jihlavská","602","secondary","Brno",50
8740,421610450,"0102000020E610000002000000D869FF5E658E3040E2AB1DC539964840843B61D3948E3040EEDDD5613B964840","Jihlavská","602","secondary","Brno",50
8742,421610451,"0102000020E61000000200000032BBDD81F08D3040E4A320D335964840D869FF5E658E3040E2AB1DC539964840","Jihlavská","602","secondary","Brno",50
9262,4043628,"0102000020E61000000B000000BD7ACB8B02853040970167295996484017F950FDDE833040FDAAB7616F964840025F76F464833040F25366947896484044CF77014083304044EA2C697B9648408C29FD29FA823040D67DB6C480964840F4064E6CF48230405385F53581964840DE25CC0FB782304050A15F0086964840C440D7BE808230402558C1148A9648405F6EE6464782304022EAF4728E964840B8C3CB7800823040C6BA5DD493964840B37515F7C4813040B20FB22C98964840","Jihlavská","602","secondary","Brno",90
